File,Method,ScaleFactor,CR,RMSE_mm,CompTime_s,DecompTime_s
Facecade,LAZ lossless,NaN,11.4105338933405,0.000112097082575871,1.3569442,0.216814
Facecade,LAZ lossy,0.1,21.362496677182,0.0503234913433325,0.2326199,0.3915773
Facecade,LAZ lossy,0.01,14.4304863868442,0.00298222763746212,0.2082399,0.2182054
Facecade,LAZ lossy,0.001,11.4105338933405,0.000112097082575871,0.228119,0.2874161
Facecade,LAZ lossy,0.0001,9.3586899338566,0.000112097082575871,0.2335005,0.2932253
