File,Method,ScaleFactor,CR,RMSE_mm,CompTime_s,DecompTime_s
Funiture,LAZ lossless,NaN,13.0873843144991,2.36613957030364e-05,0.1955116,0.7398354
Funiture,LAZ lossy,0.1,23.3456782415553,0.0500499625482679,0.2343159,0.30372
Funiture,LAZ lossy,0.01,17.8681458870616,0.00490955392762596,0.2052878,0.2375948
Funiture,LAZ lossy,0.001,13.0873843144991,2.36613957030364e-05,0.2424019,0.2335171
Funiture,LAZ lossy,0.0001,11.3113645822066,2.36613957030364e-05,0.2567715,0.2650907
