File,Method,ScaleFactor,CR,RMSE_mm,CompTime_s,DecompTime_s
RoomScan,LAZ lossless,NaN,12.9445385987077,9.06447125371397e-05,0.7771662,0.2678287
RoomScan,LAZ lossy,0.1,27.1532641991962,0.0503328231386322,0.7914832,0.2681729
RoomScan,LAZ lossy,0.01,17.6173840901114,0.0029509299892898,0.2228531,0.2758933
RoomScan,LAZ lossy,0.001,12.9445385987077,9.06447125371397e-05,0.2597859,0.3407248
RoomScan,LAZ lossy,0.0001,10.5532180286059,9.06447125371397e-05,0.2708419,0.3301946
