File,Method,ScaleFactor,CR,RMSE_mm,CompTime_s,DecompTime_s
Sculpture,LAZ lossless,NaN,9.61275603727841,9.20938244088236e-05,0.1818449,0.7223794
Sculpture,LAZ lossy,0.1,17.4754558450614,0.0502572387581784,0.1885381,0.2330036
Sculpture,LAZ lossy,0.01,12.5581648905647,0.00353779154310904,0.2372324,0.2370222
Sculpture,LAZ lossy,0.001,9.61275603727841,9.20938244088236e-05,0.1928507,0.3419559
Sculpture,LAZ lossy,0.0001,7.97906399341231,9.20938244088236e-05,0.1760619,0.2388021
